modelo,AUC,F1
Logistic Regression,0.5281976028699443,0.4127696424126378
Random Forest,0.5550425069258228,0.42673213380907365
